{
  "docstructbench_llm-raw-scihub-o.O-ajhb.10190.pdf_5.pdf": 26.55726385116577,
  "docstructbench_llm-raw-scihub-o.O-bf00151572.pdf_3.pdf": 13.63054871559143,
  "docstructbench_llm-raw-scihub-o.O-bf00326833.pdf_3.pdf": 15.698236227035522,
  "docstructbench_llm-raw-scihub-o.O-bf03175144.pdf_4.pdf": 87.6708300113678,
  "docstructbench_llm-raw-scihub-o.O-ceat.200407001.pdf_3.pdf": 56.50664186477661,
  "docstructbench_llm-raw-scihub-o.O-ceat.200600266.pdf_2.pdf": 46.05870199203491,
  "docstructbench_llm-raw-scihub-o.O-ceat.200600410.pdf_5.pdf": 37.25457000732422,
  "docstructbench_llm-raw-scihub-o.O-ceat.200600410.pdf_8.pdf": 44.290449142456055,
  "docstructbench_llm-raw-scihub-o.O-chem.200700118.pdf_7.pdf": 39.209137201309204,
  "docstructbench_llm-raw-scihub-o.O-chem.200700133.pdf_6.pdf": 34.03349733352661
}