{
  "docstructbench_llm-raw-scihub-o.O-ajhb.10190.pdf_5.pdf": 16.747044563293457,
  "docstructbench_llm-raw-scihub-o.O-bf00151572.pdf_3.pdf": 9.821443319320679,
  "docstructbench_llm-raw-scihub-o.O-bf00326833.pdf_3.pdf": 10.43275237083435,
  "docstructbench_llm-raw-scihub-o.O-bf03175144.pdf_4.pdf": 43.887516260147095,
  "docstructbench_llm-raw-scihub-o.O-ceat.200407001.pdf_3.pdf": 39.616859674453735,
  "docstructbench_llm-raw-scihub-o.O-ceat.200600266.pdf_2.pdf": 27.447934865951538,
  "docstructbench_llm-raw-scihub-o.O-ceat.200600410.pdf_5.pdf": 14.841144800186157,
  "docstructbench_llm-raw-scihub-o.O-ceat.200600410.pdf_8.pdf": 22.294668436050415,
  "docstructbench_llm-raw-scihub-o.O-chem.200700118.pdf_7.pdf": 32.140969038009644,
  "docstructbench_llm-raw-scihub-o.O-chem.200700133.pdf_6.pdf": 26.62440323829651
}